{
  "token_acc":1.0,
  "token_p":1.0,
  "token_r":1.0,
  "token_f":1.0,
  "cats_score":0.6258420086,
  "cats_score_desc":"macro F",
  "cats_micro_p":0.7234042553,
  "cats_micro_r":0.7234042553,
  "cats_micro_f":0.7234042553,
  "cats_macro_p":0.6418918919,
  "cats_macro_r":0.6187782805,
  "cats_macro_f":0.6258420086,
  "cats_macro_auc":0.7126696833,
  "cats_f_per_type":{
    "READ":{
      "p":0.7837837838,
      "r":0.8529411765,
      "f":0.8169014085
    },
    "DONTREAD":{
      "p":0.5,
      "r":0.3846153846,
      "f":0.4347826087
    }
  },
  "cats_auc_per_type":{
    "READ":0.7126696833,
    "DONTREAD":0.7126696833
  },
  "speed":112455.1765310243
}